{"cameraMode":{"drawMode":0,"name":"Shaded","section":"Shading Mode"},"sceneLighting":false,"audioPlay":false,"sceneViewState":{"showFog":true,"showMaterialUpdate":false,"showSkybox":true,"showFlares":true,"showImageEffects":true,"showParticleSystems":true},"in2DMode":false,"pivot":{"x":282.385009765625,"y":2.7204999923706056,"z":46.15953063964844},"rotation":{"x":0.44688791036605837,"y":0.08031316846609116,"z":-0.04032435268163681,"w":0.8900645971298218},"size":41.34154510498047,"orthographic":false}